{"cameraMode":{"drawMode":0,"name":"Shaded","section":"Shading Mode"},"sceneLighting":true,"audioPlay":false,"sceneViewState":{"showFog":true,"showMaterialUpdate":false,"showSkybox":true,"showFlares":true,"showImageEffects":true,"showParticleSystems":true},"in2DMode":false,"pivot":{"x":-102.68655395507813,"y":70.60726928710938,"z":-29.82427978515625},"rotation":{"x":-0.001367128686979413,"y":0.9980884790420532,"z":0.05695275217294693,"w":0.023958729580044748},"size":166.59042358398438,"orthographic":false}